balls,0,1,2
0,0.015078581805536553,-0.024128273355831484,-0.06610698822534718
1,0.04931461549599806,0.006171140389496866,-0.03771492641627985
2,0.10580295620887155,0.04706268834211148,-0.003844675868677719
3,0.18643611004096405,0.1328584749929422,0.0493773469320957
