balls,0,1,2
0,0.06152298304844769,0.04315768893653285,-0.10853887533328985
1,0.06578975432094211,0.06875239662993109,-0.08399087143088237
2,0.1126090012817675,0.08038095534540185,-0.06845439007792942
3,0.26353395001997015,0.2015308868940099,0.06115388374964282
