base_state,0,1,2
_ _ _,0.5014159389497308,0.2655148489008507,0.10200354605277104
1 _ _,0.8846947282233407,0.5198193427476907,0.2219259863808726
_ 2 _,1.0819647387893991,0.6754011935617921,0.3063898701493144
1 2 _,1.4507799028661186,0.9024175711286577,0.4457604378347289
_ _ 3,1.3646299253868799,0.9456628953137106,0.3548579183856995
1 _ 3,1.7447997422684909,1.135645606409663,0.4879743789803081
_ 2 3,1.964779070648604,1.361609470736464,0.515491440341327
1 2 3,2.2872099764024147,1.5539600537943756,0.7432347833902921
