balls,0,1,2
0,0.00015416336894986685,-0.044010113122745574,-0.09084653114644198
1,0.0388270169630445,-0.01220139667860483,-0.06583088762974544
2,0.09752210133725427,0.0349693361757272,-0.022519375806481327
3,0.2088048096011518,0.13491514876648503,0.03535508235535861
